INSERT INTO Property (street, city, zip, year_built) VALUES ('123 Market St', 'Philadelphia', 19102, 1998);
INSERT INTO Property (street, city, zip, year_built) VALUES ('202 Valley View Dr', 'King of Prussia', 19406, 2004);
INSERT INTO Property (street, city, zip, year_built) VALUES ('303 Riverfront Dr', 'Wilmington', 19801, 2010);
INSERT INTO Property (street, city, zip, year_built) VALUES ('789 Waterfront Dr', 'Camden', 18102, 1988);
INSERT INTO Property (street, city, zip, year_built) VALUES ('101 Garden Blvd', 'Cherry Hill', 18002, 1975);

INSERT INTO Apartment (ap_number, bathrooms, bedrooms, apartment_size, monthly_rent, security_deposit, property_id) VALUES (101, 1.5, 2, 800.00, 1200.00, 1500.00, 1);
INSERT INTO Apartment (ap_number, bathrooms, bedrooms, apartment_size, monthly_rent, security_deposit, property_id) VALUES (102, 2, 3, 1200.50, 1600.00, 2000.00, 1);
INSERT INTO Apartment (ap_number, bathrooms, bedrooms, apartment_size, monthly_rent, security_deposit, property_id) VALUES (103, 1, 1, 600.50, 950.00, 1200.00, 1);
INSERT INTO Apartment (ap_number, bathrooms, bedrooms, apartment_size, monthly_rent, security_deposit, property_id) VALUES (204, 1.5, 2, 850.75, 1200.00, 1500.00, 1);
INSERT INTO Apartment (ap_number, bathrooms, bedrooms, apartment_size, monthly_rent, security_deposit, property_id) VALUES (205, 2, 3, 1100.25, 1500.00, 1800.00, 1);
INSERT INTO Apartment (ap_number, bathrooms, bedrooms, apartment_size, monthly_rent, security_deposit, property_id) VALUES (206, 1, 2, 750.00, 1100.00, 1300.00, 1);
INSERT INTO Apartment (ap_number, bathrooms, bedrooms, apartment_size, monthly_rent, security_deposit, property_id) VALUES (307, 2, 2, 1000.50, 1400.00, 1700.00, 1);
INSERT INTO Apartment (ap_number, bathrooms, bedrooms, apartment_size, monthly_rent, security_deposit, property_id) VALUES (308, 1, 1, 600.25, 900.00, 1000.00, 1);
INSERT INTO Apartment (ap_number, bathrooms, bedrooms, apartment_size, monthly_rent, security_deposit, property_id) VALUES (309, 2, 3, 1200.75, 1600.00, 2000.00, 1);
INSERT INTO Apartment (ap_number, bathrooms, bedrooms, apartment_size, monthly_rent, security_deposit, property_id) VALUES (410, 1, 2, 800.75, 1200.00, 1400.00, 1);
INSERT INTO Apartment (ap_number, bathrooms, bedrooms, apartment_size, monthly_rent, security_deposit, property_id) VALUES (411, 1.5, 2, 900.00, 1300.00, 1600.00, 1);
INSERT INTO Apartment (ap_number, bathrooms, bedrooms, apartment_size, monthly_rent, security_deposit, property_id) VALUES (412, 2, 3, 1100.50, 1500.00, 1800.00, 1);


INSERT INTO Apartment (ap_number, bathrooms, bedrooms, apartment_size, monthly_rent, security_deposit, property_id) VALUES (101, 1, 1, 600.00, 900.00, 1000.00, 2);
INSERT INTO Apartment (ap_number, bathrooms, bedrooms, apartment_size, monthly_rent, security_deposit, property_id) VALUES (102, 2.5, 3, 1500.75, 2000.00, 2500.00, 2);
INSERT INTO Apartment (ap_number, bathrooms, bedrooms, apartment_size, monthly_rent, security_deposit, property_id) VALUES (103, 1, 1, 700.50, 1000.00, 1200.00, 2);
INSERT INTO Apartment (ap_number, bathrooms, bedrooms, apartment_size, monthly_rent, security_deposit, property_id) VALUES (204, 1.5, 2, 950.75, 1300.00, 1500.00, 2);
INSERT INTO Apartment (ap_number, bathrooms, bedrooms, apartment_size, monthly_rent, security_deposit, property_id) VALUES (205, 2, 3, 1200.25, 1600.00, 1800.00, 2);
INSERT INTO Apartment (ap_number, bathrooms, bedrooms, apartment_size, monthly_rent, security_deposit, property_id) VALUES (206, 1, 2, 850.00, 1200.00, 1300.00, 2);
INSERT INTO Apartment (ap_number, bathrooms, bedrooms, apartment_size, monthly_rent, security_deposit, property_id) VALUES (307, 2, 2, 1100.50, 1500.00, 1700.00, 2);
INSERT INTO Apartment (ap_number, bathrooms, bedrooms, apartment_size, monthly_rent, security_deposit, property_id) VALUES (308, 1, 1, 700.25, 1000.00, 1100.00, 2);
INSERT INTO Apartment (ap_number, bathrooms, bedrooms, apartment_size, monthly_rent, security_deposit, property_id) VALUES (309, 2, 3, 1300.75, 1800.00, 2000.00, 2);
INSERT INTO Apartment (ap_number, bathrooms, bedrooms, apartment_size, monthly_rent, security_deposit, property_id) VALUES (410, 1, 2, 900.75, 1300.00, 1400.00, 2);
INSERT INTO Apartment (ap_number, bathrooms, bedrooms, apartment_size, monthly_rent, security_deposit, property_id) VALUES (411, 1.5, 2, 1000.00, 1400.00, 1600.00, 2);
INSERT INTO Apartment (ap_number, bathrooms, bedrooms, apartment_size, monthly_rent, security_deposit, property_id) VALUES (412, 2, 3, 1200.50, 1600.00, 1800.00, 2);



INSERT INTO Apartment (ap_number, bathrooms, bedrooms, apartment_size, monthly_rent, security_deposit, property_id) VALUES (101, 1.5, 2, 850.00, 1300.00, 1600.00, 3);
INSERT INTO Apartment (ap_number, bathrooms, bedrooms, apartment_size, monthly_rent, security_deposit, property_id) VALUES (102, 2, 2, 1000.25, 1500.00, 1800.00, 3);
INSERT INTO Apartment (ap_number, bathrooms, bedrooms, apartment_size, monthly_rent, security_deposit, property_id) VALUES (103, 1, 1, 750.50, 1100.00, 1300.00, 3);
INSERT INTO Apartment (ap_number, bathrooms, bedrooms, apartment_size, monthly_rent, security_deposit, property_id) VALUES (204, 1.5, 2, 1000.75, 1400.00, 1600.00, 3);
INSERT INTO Apartment (ap_number, bathrooms, bedrooms, apartment_size, monthly_rent, security_deposit, property_id) VALUES (205, 2, 3, 1200.25, 1600.00, 1800.00, 3);
INSERT INTO Apartment (ap_number, bathrooms, bedrooms, apartment_size, monthly_rent, security_deposit, property_id) VALUES (206, 1, 2, 800.00, 1200.00, 1400.00, 3);
INSERT INTO Apartment (ap_number, bathrooms, bedrooms, apartment_size, monthly_rent, security_deposit, property_id) VALUES (307, 2, 2, 1000.50, 1400.00, 1700.00, 3);
INSERT INTO Apartment (ap_number, bathrooms, bedrooms, apartment_size, monthly_rent, security_deposit, property_id) VALUES (308, 1, 1, 750.25, 1100.00, 1200.00, 3);
INSERT INTO Apartment (ap_number, bathrooms, bedrooms, apartment_size, monthly_rent, security_deposit, property_id) VALUES (309, 2, 3, 1300.75, 1800.00, 2000.00, 3);
INSERT INTO Apartment (ap_number, bathrooms, bedrooms, apartment_size, monthly_rent, security_deposit, property_id) VALUES (410, 1, 2, 850.75, 1200.00, 1400.00, 3);
INSERT INTO Apartment (ap_number, bathrooms, bedrooms, apartment_size, monthly_rent, security_deposit, property_id) VALUES (411, 1.5, 2, 950.00, 1300.00, 1600.00, 3);
INSERT INTO Apartment (ap_number, bathrooms, bedrooms, apartment_size, monthly_rent, security_deposit, property_id) VALUES (412, 2, 3, 1200.50, 1500.00, 1800.00, 3);

INSERT INTO Apartment (ap_number, bathrooms, bedrooms, apartment_size, monthly_rent, security_deposit, property_id) VALUES (101, 1, 2, 850.75, 1200.00, 1400.00, 4);
INSERT INTO Apartment (ap_number, bathrooms, bedrooms, apartment_size, monthly_rent, security_deposit, property_id) VALUES (102, 1.5, 2, 950.00, 1300.00, 1600.00, 4);
INSERT INTO Apartment (ap_number, bathrooms, bedrooms, apartment_size, monthly_rent, security_deposit, property_id) VALUES (103, 2, 3, 1200.50, 1500.00, 1800.00, 4);
INSERT INTO Apartment (ap_number, bathrooms, bedrooms, apartment_size, monthly_rent, security_deposit, property_id) VALUES (204, 1, 1, 700.00, 1000.00, 1200.00, 4);
INSERT INTO Apartment (ap_number, bathrooms, bedrooms, apartment_size, monthly_rent, security_deposit, property_id) VALUES (205, 2, 2, 1100.25, 1600.00, 1900.00, 4);
INSERT INTO Apartment (ap_number, bathrooms, bedrooms, apartment_size, monthly_rent, security_deposit, property_id) VALUES (206, 1, 1, 720.50, 1050.00, 1250.00, 4);
INSERT INTO Apartment (ap_number, bathrooms, bedrooms, apartment_size, monthly_rent, security_deposit, property_id) VALUES (307, 1.5, 2, 800.75, 1200.00, 1400.00, 4);
INSERT INTO Apartment (ap_number, bathrooms, bedrooms, apartment_size, monthly_rent, security_deposit, property_id) VALUES (308, 2, 2, 950.25, 1400.00, 1600.00, 4);
INSERT INTO Apartment (ap_number, bathrooms, bedrooms, apartment_size, monthly_rent, security_deposit, property_id) VALUES (309, 1, 1, 700.75, 1000.00, 1200.00, 4);
INSERT INTO Apartment (ap_number, bathrooms, bedrooms, apartment_size, monthly_rent, security_deposit, property_id) VALUES (410, 2, 2, 1000.50, 1450.00, 1700.00, 4);
INSERT INTO Apartment (ap_number, bathrooms, bedrooms, apartment_size, monthly_rent, security_deposit, property_id) VALUES (411, 1, 1, 710.25, 1050.00, 1250.00, 4);
INSERT INTO Apartment (ap_number, bathrooms, bedrooms, apartment_size, monthly_rent, security_deposit, property_id) VALUES (412, 1.5, 2, 850.00, 1250.00, 1500.00, 4);

INSERT INTO Apartment (ap_number, bathrooms, bedrooms, apartment_size, monthly_rent, security_deposit, property_id) VALUES (101, 2, 3, 1100.00, 1600.00, 1800.00, 5);
INSERT INTO Apartment (ap_number, bathrooms, bedrooms, apartment_size, monthly_rent, security_deposit, property_id) VALUES (102, 1, 1, 750.75, 1300.00, 1600.00, 5);
INSERT INTO Apartment (ap_number, bathrooms, bedrooms, apartment_size, monthly_rent, security_deposit, property_id) VALUES (103, 1.5, 2, 900.50, 1400.00, 1700.00, 5);
INSERT INTO Apartment (ap_number, bathrooms, bedrooms, apartment_size, monthly_rent, security_deposit, property_id) VALUES (204, 2, 2, 1000.25, 1500.00, 1900.00, 5);
INSERT INTO Apartment (ap_number, bathrooms, bedrooms, apartment_size, monthly_rent, security_deposit, property_id) VALUES (205, 1, 1, 720.00, 1100.00, 1300.00, 5);
INSERT INTO Apartment (ap_number, bathrooms, bedrooms, apartment_size, monthly_rent, security_deposit, property_id) VALUES (206, 1.5, 2, 850.25, 1200.00, 1400.00, 5);
INSERT INTO Apartment (ap_number, bathrooms, bedrooms, apartment_size, monthly_rent, security_deposit, property_id) VALUES (307, 2, 3, 1200.75, 1800.00, 2000.00, 5);
INSERT INTO Apartment (ap_number, bathrooms, bedrooms, apartment_size, monthly_rent, security_deposit, property_id) VALUES (308, 1, 1, 750.50, 1100.00, 1200.00, 5);
INSERT INTO Apartment (ap_number, bathrooms, bedrooms, apartment_size, monthly_rent, security_deposit, property_id) VALUES (309, 1.5, 2, 1000.00, 1400.00, 1600.00, 5);
INSERT INTO Apartment (ap_number, bathrooms, bedrooms, apartment_size, monthly_rent, security_deposit, property_id) VALUES (410, 2, 2, 950.50, 1300.00, 1500.00, 5);
INSERT INTO Apartment (ap_number, bathrooms, bedrooms, apartment_size, monthly_rent, security_deposit, property_id) VALUES (411, 1, 1, 730.25, 1100.00, 1300.00, 5);
INSERT INTO Apartment (ap_number, bathrooms, bedrooms, apartment_size, monthly_rent, security_deposit, property_id) VALUES (412, 1.5, 2, 880.00, 1200.00, 1400.00, 5);


INSERT INTO Amenity (name) VALUES ('In-Unit Washer');
INSERT INTO Amenity (name) VALUES ('In-Unit Washer');
INSERT INTO Amenity (name) VALUES ('Balcony');
INSERT INTO Amenity (name) VALUES ('Undividual Heating');
INSERT INTO Amenity (name) VALUES ('Undividual Air Conditioning');
INSERT INTO Amenity (name) VALUES ('Walk-In Closet');
INSERT INTO Amenity (name) VALUES ('Dedicated Parking Space');
INSERT INTO Amenity (name) VALUES ('Ceiling Fans');
INSERT INTO Amenity (name) VALUES ('High Ceilings');
INSERT INTO Amenity (name) VALUES ('Cable and Internet Ready');
INSERT INTO Amenity (name) VALUES ('Dishwasher');
INSERT INTO Amenity (name) VALUES ('Security Systems');
INSERT INTO Amenity (name) VALUES ('Extra Storage Space');
INSERT INTO Amenity (name) VALUES ('Fireplace');
INSERT INTO Amenity (name) VALUES ('Window Coverings');
INSERT INTO Amenity (name) VALUES ('24-Hour Maintenance Service');
INSERT INTO Amenity (name) VALUES ('Fitness Room');
INSERT INTO Amenity (name) VALUES ('Hot Tub');
INSERT INTO Amenity (name) VALUES ('Smart Home Technology');

INSERT INTO Amenity (name) VALUES ('Swimming Pool');
INSERT INTO Amenity (name) VALUES ('Fitness Center');
INSERT INTO Amenity (name) VALUES ('Outdoor Recreational Areas');
INSERT INTO Amenity (name) VALUES ('Community Lounge');
INSERT INTO Amenity (name) VALUES ('Business Center');
INSERT INTO Amenity (name) VALUES ('High-Speed Internet Access');
INSERT INTO Amenity (name) VALUES ('Rooftop Terrace');
INSERT INTO Amenity (name) VALUES ('Package Delivery Service');
INSERT INTO Amenity (name) VALUES ('Bike Storage and Repair Stations');
INSERT INTO Amenity (name) VALUES ('Movie Theater');
INSERT INTO Amenity (name) VALUES ('Coffee Bar');
INSERT INTO Amenity (name) VALUES ('Spa');
INSERT INTO Amenity (name) VALUES ('Barbecue and Picnic Areas');
INSERT INTO Amenity (name) VALUES ('Electric Vehicle Charging Stations');
INSERT INTO Amenity (name) VALUES ('Library or Reading Room');
INSERT INTO Amenity (name) VALUES ('Yoga Studio');
INSERT INTO Amenity (name) VALUES ('Parking');


INSERT INTO Prop_Amenity (amen_id, prop_id, monthly_rate) VALUES (20, 1, 30.00);
INSERT INTO Prop_Amenity (amen_id, prop_id, monthly_rate) VALUES (21, 1, 80.00);
INSERT INTO Prop_Amenity (amen_id, prop_id) VALUES (22, 1);


INSERT INTO Prop_Amenity (amen_id, prop_id) VALUES (23, 2);
INSERT INTO Prop_Amenity (amen_id, prop_id, monthly_rate) VALUES (24, 2, 20.00);
INSERT INTO Prop_Amenity (amen_id, prop_id, monthly_rate) VALUES (25, 2, 15.00);
INSERT INTO Prop_Amenity (amen_id, prop_id, monthly_rate) VALUES (20, 2, 30.00);
INSERT INTO Prop_Amenity (amen_id, prop_id, monthly_rate) VALUES (21, 2, 80.00);
INSERT INTO Prop_Amenity (amen_id, prop_id) VALUES (22, 2);
INSERT INTO Prop_Amenity (amen_id, prop_id) VALUES (26, 2);
INSERT INTO Prop_Amenity (amen_id, prop_id) VALUES (27, 2);
INSERT INTO Prop_Amenity (amen_id, prop_id, monthly_rate) VALUES (28, 2, 10.00);
INSERT INTO Prop_Amenity (amen_id, prop_id, monthly_rate) VALUES (29, 2, 15.00);
INSERT INTO Prop_Amenity (amen_id, prop_id, monthly_rate) VALUES (30, 2, 10.00);

INSERT INTO Prop_Amenity (amen_id, prop_id) VALUES (32, 5);
INSERT INTO Prop_Amenity (amen_id, prop_id, monthly_rate) VALUES (33, 5, 20.00);
INSERT INTO Prop_Amenity (amen_id, prop_id, monthly_rate) VALUES (34, 5, 5.00);

INSERT INTO Prop_Amenity (amen_id, prop_id) VALUES (26, 3);
INSERT INTO Prop_Amenity (amen_id, prop_id) VALUES (27, 3);
INSERT INTO Prop_Amenity (amen_id, prop_id, monthly_rate) VALUES (28, 3, 10.00);

INSERT INTO Prop_Amenity (amen_id, prop_id, monthly_rate) VALUES (29, 4, 15.00);
INSERT INTO Prop_Amenity (amen_id, prop_id, monthly_rate) VALUES (30, 4, 10.00);
INSERT INTO Prop_Amenity (amen_id, prop_id, monthly_rate) VALUES (31, 4, 40.00);

INSERT INTO Prop_Amenity (amen_id, prop_id, monthly_rate) VALUES (35, 5, 20.00);
INSERT INTO Prop_Amenity (amen_id, prop_id, monthly_rate) VALUES (36, 5, 30.00);
INSERT INTO Prop_Amenity (amen_id, prop_id, monthly_rate) VALUES (36, 4, 30.00);
INSERT INTO Prop_Amenity (amen_id, prop_id, monthly_rate) VALUES (36, 3, 30.00);
INSERT INTO Prop_Amenity (amen_id, prop_id, monthly_rate) VALUES (36, 2, 30.00);

insert into Apart_Amenity (amen_id, apart_id) values (9, 37);
insert into Apart_Amenity (amen_id, apart_id) values (18, 47);
insert into Apart_Amenity (amen_id, apart_id) values (7, 37);
insert into Apart_Amenity (amen_id, apart_id) values (12, 8);
insert into Apart_Amenity (amen_id, apart_id) values (18, 60);
insert into Apart_Amenity (amen_id, apart_id) values (15, 37);
insert into Apart_Amenity (amen_id, apart_id) values (11, 58);
insert into Apart_Amenity (amen_id, apart_id) values (8, 34);
insert into Apart_Amenity (amen_id, apart_id) values (3, 6);
insert into Apart_Amenity (amen_id, apart_id) values (15, 56);
insert into Apart_Amenity (amen_id, apart_id) values (5, 26);
insert into Apart_Amenity (amen_id, apart_id) values (3, 33);
insert into Apart_Amenity (amen_id, apart_id) values (18, 56);
insert into Apart_Amenity (amen_id, apart_id) values (1, 52);
insert into Apart_Amenity (amen_id, apart_id) values (3, 41);
insert into Apart_Amenity (amen_id, apart_id) values (13, 6);
insert into Apart_Amenity (amen_id, apart_id) values (1, 9);
insert into Apart_Amenity (amen_id, apart_id) values (10, 22);
insert into Apart_Amenity (amen_id, apart_id) values (2, 52);
insert into Apart_Amenity (amen_id, apart_id) values (1, 29);
insert into Apart_Amenity (amen_id, apart_id) values (12, 38);
insert into Apart_Amenity (amen_id, apart_id) values (19, 52);
insert into Apart_Amenity (amen_id, apart_id) values (8, 29);
insert into Apart_Amenity (amen_id, apart_id) values (19, 12);
insert into Apart_Amenity (amen_id, apart_id) values (6, 31);
insert into Apart_Amenity (amen_id, apart_id) values (16, 60);
insert into Apart_Amenity (amen_id, apart_id) values (2, 33);
insert into Apart_Amenity (amen_id, apart_id) values (3, 11);
insert into Apart_Amenity (amen_id, apart_id) values (3, 57);
insert into Apart_Amenity (amen_id, apart_id) values (4, 35);
insert into Apart_Amenity (amen_id, apart_id) values (11, 47);
insert into Apart_Amenity (amen_id, apart_id) values (9, 22);
insert into Apart_Amenity (amen_id, apart_id) values (6, 39);
insert into Apart_Amenity (amen_id, apart_id) values (16, 27);
insert into Apart_Amenity (amen_id, apart_id) values (19, 31);
insert into Apart_Amenity (amen_id, apart_id) values (6, 57);
insert into Apart_Amenity (amen_id, apart_id) values (17, 11);
insert into Apart_Amenity (amen_id, apart_id) values (6, 50);
insert into Apart_Amenity (amen_id, apart_id) values (13, 24);
insert into Apart_Amenity (amen_id, apart_id) values (15, 41);


insert into Visitor (first_name, last_name, phone_number, email) values ('Sollie', 'Castro', '940-459-4588', 'scastro0@netlog.com');
insert into Visitor (first_name, last_name, phone_number, email) values ('Jefferey', 'Colombier', '166-766-6414', 'jcolombier1@ovh.net');
insert into Visitor (first_name, last_name, phone_number, email) values ('Elijah', 'Durban', '351-228-3301', 'edurban2@alibaba.com');
insert into Visitor (first_name, last_name, phone_number, email) values ('Sinclare', 'Bartholomieu', '814-109-3670', 'sbartholomieu3@msn.com');
insert into Visitor (first_name, last_name, phone_number, email) values ('Erv', 'Danson', '793-999-9136', 'edanson4@purevolume.com');
insert into Visitor (first_name, last_name, phone_number, email) values ('Davita', 'Karppi', '174-415-7560', 'dkarppi5@ucoz.com');
insert into Visitor (first_name, last_name, phone_number, email) values ('Annadiane', 'Rigden', '759-387-7758', 'arigden6@woothemes.com');
insert into Visitor (first_name, last_name, phone_number, email) values ('Leanora', 'McCowan', '376-849-1069', 'lmccowan7@arstechnica.com');
insert into Visitor (first_name, last_name, phone_number, email) values ('Joane', 'Edney', '257-862-4649', 'jedney8@va.gov');
insert into Visitor (first_name, last_name, phone_number, email) values ('Jere', 'Paulo', '725-207-7928', 'jpaulo9@hexun.com');
insert into Visitor (first_name, last_name, phone_number, email) values ('Rosette', 'Poleykett', '751-453-4815', 'rpoleyketta@timesonline.co.uk');
insert into Visitor (first_name, last_name, phone_number, email) values ('Saunders', 'McCalum', '704-113-5985', 'smccalumb@elpais.com');
insert into Visitor (first_name, last_name, phone_number, email) values ('Oberon', 'Francescotti', '912-351-3497', 'ofrancescottic@4shared.com');
insert into Visitor (first_name, last_name, phone_number, email) values ('Greggory', 'Zumbusch', '648-794-9682', 'gzumbuschd@hc360.com');
insert into Visitor (first_name, last_name, phone_number, email) values ('Haskel', 'Loy', '273-950-9262', 'hloye@ezinearticles.com');
insert into Visitor (first_name, last_name, phone_number, email) values ('Hal', 'Summerrell', '609-982-7827', 'hsummerrellf@shutterfly.com');
insert into Visitor (first_name, last_name, phone_number, email) values ('Francesca', 'Spellacy', '629-700-8736', 'fspellacyg@photobucket.com');
insert into Visitor (first_name, last_name, phone_number, email) values ('Goldy', 'Hayley', '749-538-5707', 'ghayleyh@sina.com.cn');
insert into Visitor (first_name, last_name, phone_number, email) values ('Hamlin', 'Ellesworth', '428-525-2938', 'hellesworthi@army.mil');
insert into Visitor (first_name, last_name, phone_number, email) values ('Maribel', 'Agus', '747-904-3714', 'magusj@wufoo.com');
insert into Visitor (first_name, last_name, phone_number, email) values ('Bryanty', 'Lorentz', '396-679-6317', 'blorentzk@disqus.com');
insert into Visitor (first_name, last_name, phone_number, email) values ('Dewie', 'Oki', '683-133-1078', 'dokil@indiatimes.com');
insert into Visitor (first_name, last_name, phone_number, email) values ('Em', 'Ridewood', '909-677-1769', 'eridewoodm@naver.com');
insert into Visitor (first_name, last_name, phone_number, email) values ('Cosetta', 'Waddup', '534-530-3015', 'cwaddupn@cornell.edu');
insert into Visitor (first_name, last_name, phone_number, email) values ('Wilhelmina', 'Laying', '779-875-8063', 'wlayingo@themeforest.net');
insert into Visitor (first_name, last_name, phone_number, email) values ('Gladi', 'Kenningley', '794-978-5823', 'gkenningleyp@networkadvertising.org');
insert into Visitor (first_name, last_name, phone_number, email) values ('Starlin', 'Rookes', '557-578-1774', 'srookesq@usgs.gov');
insert into Visitor (first_name, last_name, phone_number, email) values ('Lorilee', 'Roydon', '722-577-2984', 'lroydonr@answers.com');
insert into Visitor (first_name, last_name, phone_number, email) values ('Melita', 'Makeswell', '798-976-0442', 'mmakeswells@photobucket.com');
insert into Visitor (first_name, last_name, phone_number, email) values ('Philis', 'Naisbet', '386-620-1419', 'pnaisbett@nyu.edu');
insert into Visitor (first_name, last_name, phone_number, email) values ('Sharai', 'Cluse', '755-783-5520', 'scluseu@mac.com');
insert into Visitor (first_name, last_name, phone_number, email) values ('Bobbe', 'MacFarland', '627-279-7935', 'bmacfarlandv@jugem.jp');
insert into Visitor (first_name, last_name, phone_number, email) values ('Em', 'Slay', '745-840-4421', 'eslayw@businessinsider.com');
insert into Visitor (first_name, last_name, phone_number, email) values ('Teodor', 'Hayton', '669-259-5495', 'thaytonx@soundcloud.com');
insert into Visitor (first_name, last_name, phone_number, email) values ('Darb', 'Bauman', '681-484-4333', 'dbaumany@mayoclinic.com');
insert into Visitor (first_name, last_name, phone_number, email) values ('Orelie', 'McGriffin', '693-766-4743', 'omcgriffinz@mayoclinic.com');
insert into Visitor (first_name, last_name, phone_number, email) values ('Tiertza', 'Stammers', '748-480-7272', 'tstammers10@ezinearticles.com');
insert into Visitor (first_name, last_name, phone_number, email) values ('Jamill', 'Rooney', '961-244-1589', 'jrooney11@tuttocitta.it');
insert into Visitor (first_name, last_name, phone_number, email) values ('Cordi', 'Croxley', '441-727-6840', 'ccroxley12@sourceforge.net');
insert into Visitor (first_name, last_name, phone_number, email) values ('Ricoriki', 'Priestley', '634-213-5426', 'rpriestley13@php.net');
insert into Visitor (first_name, last_name, phone_number, email) values ('Krystalle', 'Brundrett', '510-660-0500', 'kbrundrett14@elegantthemes.com');
insert into Visitor (first_name, last_name, phone_number, email) values ('Nicole', 'Filipson', '435-233-9976', 'nfilipson15@businessweek.com');
insert into Visitor (first_name, last_name, phone_number, email) values ('Kamilah', 'Vieyra', '566-117-2866', 'kvieyra16@indiatimes.com');
insert into Visitor (first_name, last_name, phone_number, email) values ('Lelah', 'Grubey', '870-985-6149', 'lgrubey17@tripadvisor.com');
insert into Visitor (first_name, last_name, phone_number, email) values ('Junie', 'Allenson', '498-884-5309', 'jallenson18@behance.net');
insert into Visitor (first_name, last_name, phone_number, email) values ('Kipper', 'Percy', '864-140-0981', 'kpercy19@tuttocitta.it');
insert into Visitor (first_name, last_name, phone_number, email) values ('Tanitansy', 'McGorman', '658-189-0338', 'tmcgorman1a@virginia.edu');
insert into Visitor (first_name, last_name, phone_number, email) values ('Raimundo', 'Danahar', '191-948-8106', 'rdanahar1b@irs.gov');
insert into Visitor (first_name, last_name, phone_number, email) values ('Hermie', 'Vispo', '594-123-7746', 'hvispo1c@hubpages.com');
insert into Visitor (first_name, last_name, phone_number, email) values ('Jocelyn', 'Sextone', '718-662-7941', 'jsextone1d@lulu.com');
insert into Visitor (first_name, last_name, phone_number, email) values ('Steffane', 'Batrip', '615-444-1613', 'sbatrip1e@cpanel.net');
insert into Visitor (first_name, last_name, phone_number, email) values ('Ettie', 'Lawman', '771-571-0209', 'elawman1f@cafepress.com');
insert into Visitor (first_name, last_name, phone_number, email) values ('Abramo', 'Castagnone', '877-441-6211', 'acastagnone1g@nasa.gov');
insert into Visitor (first_name, last_name, phone_number, email) values ('Emlyn', 'Anetts', '759-498-8733', 'eanetts1h@cam.ac.uk');
insert into Visitor (first_name, last_name, phone_number, email) values ('Karilynn', 'St. Queintain', '498-806-8672', 'kstqueintain1i@ustream.tv');
insert into Visitor (first_name, last_name, phone_number, email) values ('Georgeta', 'Ragat', '913-148-9951', 'gragat1j@ft.com');
insert into Visitor (first_name, last_name, phone_number, email) values ('Murdock', 'Kendal', '926-980-0828', 'mkendal1k@t-online.de');
insert into Visitor (first_name, last_name, phone_number, email) values ('Fitzgerald', 'Besant', '447-811-4150', 'fbesant1l@mashable.com');
insert into Visitor (first_name, last_name, phone_number, email) values ('Bartlet', 'Gridley', '205-940-0878', 'bgridley1m@dot.gov');
insert into Visitor (first_name, last_name, phone_number, email) values ('Bird', 'Cowdery', '405-465-7514', 'bcowdery1n@nytimes.com');
insert into Visitor (first_name, last_name, phone_number, email) values ('Nicholas', 'Tschirschky', '658-499-0454', 'ntschirschky1o@zimbio.com');
insert into Visitor (first_name, last_name, phone_number, email) values ('Nathanial', 'Codman', '342-894-7270', 'ncodman1p@odnoklassniki.ru');
insert into Visitor (first_name, last_name, phone_number, email) values ('Ronalda', 'McHale', '220-521-0213', 'rmchale1q@jiathis.com');
insert into Visitor (first_name, last_name, phone_number, email) values ('Dmitri', 'McGraith', '264-201-8845', 'dmcgraith1r@paginegialle.it');
insert into Visitor (first_name, last_name, phone_number, email) values ('Gordan', 'Scamadine', '852-432-5798', 'gscamadine1s@wikia.com');
insert into Visitor (first_name, last_name, phone_number, email) values ('Tara', 'Piggot', '542-903-3253', 'tpiggot1t@sciencedaily.com');
insert into Visitor (first_name, last_name, phone_number, email) values ('Jeremie', 'Tavinor', '749-404-5504', 'jtavinor1u@github.io');
insert into Visitor (first_name, last_name, phone_number, email) values ('Madella', 'Anderton', '390-576-9964', 'manderton1v@umich.edu');
insert into Visitor (first_name, last_name, phone_number, email) values ('Annabal', 'Boustead', '302-438-1849', 'aboustead1w@sohu.com');
insert into Visitor (first_name, last_name, phone_number, email) values ('Koo', 'Runnicles', '108-734-2247', 'krunnicles1x@amazon.de');
insert into Visitor (first_name, last_name, phone_number, email) values ('Virgie', 'Devers', '518-142-6090', 'vdevers1y@disqus.com');
insert into Visitor (first_name, last_name, phone_number, email) values ('Dene', 'Haddinton', '112-508-9004', 'dhaddinton1z@lycos.com');
insert into Visitor (first_name, last_name, phone_number, email) values ('Evaleen', 'Manjin', '123-386-6745', 'emanjin20@usgs.gov');
insert into Visitor (first_name, last_name, phone_number, email) values ('Chery', 'Cappell', '972-777-5619', 'ccappell21@yellowpages.com');
insert into Visitor (first_name, last_name, phone_number, email) values ('Sebastiano', 'Paulisch', '966-890-1859', 'spaulisch22@altervista.org');
insert into Visitor (first_name, last_name, phone_number, email) values ('Buiron', 'Edscer', '606-258-2519', 'bedscer23@yolasite.com');
insert into Visitor (first_name, last_name, phone_number, email) values ('Paulie', 'Pioch', '966-885-6752', 'ppioch24@sakura.ne.jp');
insert into Visitor (first_name, last_name, phone_number, email) values ('Fleurette', 'Pellett', '123-353-7792', 'fpellett25@spotify.com');
insert into Visitor (first_name, last_name, phone_number, email) values ('Maurizio', 'Cejka', '545-543-0071', 'mcejka26@ft.com');


insert into Tenant (tenant_id, ssn, dob) values (27, '413-38-4969', '09-May-1968');
insert into Tenant (tenant_id, ssn, dob) values (14, '220-47-7448', '01-Jul-1963');
insert into Tenant (tenant_id, ssn, dob) values (43, '476-92-7770', '01-Oct-1997');
insert into Tenant (tenant_id, ssn, dob) values (68, '380-97-6569', '29-Jan-1968');
insert into Tenant (tenant_id, ssn, dob) values (19, '389-17-8631', '13-Sep-1971');
insert into Tenant (tenant_id, ssn, dob) values (59, '542-96-4601', '07-Nov-1970');
insert into Tenant (tenant_id, ssn, dob) values (7, '148-41-7293', '25-Apr-1975');
insert into Tenant (tenant_id, ssn, dob) values (35, '314-37-4348', '20-Mar-1950');
insert into Tenant (tenant_id, ssn, dob) values (77, '211-80-4103', '29-Aug-1952');
insert into Tenant (tenant_id, ssn, dob) values (31, '463-51-0155', '21-Sep-1960');
insert into Tenant (tenant_id, ssn, dob) values (72, '784-22-3107', '23-Jul-1975');
insert into Tenant (tenant_id, ssn, dob) values (23, '365-40-1385', '13-Apr-1981');
insert into Tenant (tenant_id, ssn, dob) values (55, '869-17-0762', '30-May-1969');
insert into Tenant (tenant_id, ssn, dob) values (11, '578-29-1395', '04-Nov-1978');
insert into Tenant (tenant_id, ssn, dob) values (50, '300-39-0651', '24-Jan-1952');
insert into Tenant (tenant_id, ssn, dob) values (74, '628-08-1973', '20-Mar-1980');
insert into Tenant (tenant_id, ssn, dob) values (3, '655-20-8404', '15-Oct-1993');
insert into Tenant (tenant_id, ssn, dob) values (65, '662-33-4981', '20-Jul-1954');
insert into Tenant (tenant_id, ssn, dob) values (36, '212-72-8204', '16-Sep-2000');
insert into Tenant (tenant_id, ssn, dob) values (61, '758-86-8201', '28-Oct-1992');
insert into Tenant (tenant_id, ssn, dob) values (13, '331-22-4959', '14-May-1951');
insert into Tenant (tenant_id, ssn, dob) values (42, '112-83-0672', '07-Sep-1971');
insert into Tenant (tenant_id, ssn, dob) values (75, '525-81-5630', '21-Nov-1962');
insert into Tenant (tenant_id, ssn, dob) values (10, '405-58-2002', '25-Apr-1996');
insert into Tenant (tenant_id, ssn, dob) values (29, '476-05-9588', '05-Aug-1976');
insert into Tenant (tenant_id, ssn, dob) values (46, '172-50-8781', '20-Feb-1980');
insert into Tenant (tenant_id, ssn, dob) values (2, '856-85-9702', '17-Sep-1991');
insert into Tenant (tenant_id, ssn, dob) values (69, '537-49-4762', '25-Oct-1994');
insert into Tenant (tenant_id, ssn, dob) values (16, '712-19-8225', '27-May-1984');
insert into Tenant (tenant_id, ssn, dob) values (57, '367-07-8848', '04-Aug-1972');
insert into Tenant (tenant_id, ssn, dob) values (39, '349-19-4864', '12-May-1994');
insert into Tenant (tenant_id, ssn, dob) values (21, '463-34-9999', '31-Jan-1986');
insert into Tenant (tenant_id, ssn, dob) values (63, '392-57-0976', '31-Aug-1962');
insert into Tenant (tenant_id, ssn, dob) values (4, '449-43-6233', '06-Jun-1987');
insert into Tenant (tenant_id, ssn, dob) values (78, '114-86-9653', '02-Jan-1994');
insert into Tenant (tenant_id, ssn, dob) values (26, '710-35-5206', '25-Jun-1969');
insert into Tenant (tenant_id, ssn, dob) values (54, '151-74-0738', '23-Dec-1977');
insert into Tenant (tenant_id, ssn, dob) values (9, '700-96-9666', '07-Mar-1999');
insert into Tenant (tenant_id, ssn, dob) values (48, '115-57-6305', '15-Jul-1970');
insert into Tenant (tenant_id, ssn, dob) values (71, '385-09-1784', '06-May-1969');
insert into Tenant (tenant_id, ssn, dob) values (5, '553-12-9507', '18-Nov-1996');
insert into Tenant (tenant_id, ssn, dob) values (18, '434-80-2785', '15-Aug-1989');
insert into Tenant (tenant_id, ssn, dob) values (60, '644-13-2796', '17-Feb-1957');
insert into Tenant (tenant_id, ssn, dob) values (33, '818-54-5918', '20-Jul-1979');
insert into Tenant (tenant_id, ssn, dob) values (76, '134-03-1713', '05-Jan-1954');
insert into Tenant (tenant_id, ssn, dob) values (24, '831-03-3687', '02-Dec-1987');
insert into Tenant (tenant_id, ssn, dob) values (53, '724-17-5972', '11-Jul-1969');
insert into Tenant (tenant_id, ssn, dob) values (17, '344-78-0258', '08-Oct-1968');
insert into Tenant (tenant_id, ssn, dob) values (44, '102-06-5429', '08-Dec-1991');
insert into Tenant (tenant_id, ssn, dob) values (64, '469-88-8505', '25-Dec-1988');
insert into Tenant (tenant_id, ssn, dob) values (22, '228-56-0150', '06-May-1962');
insert into Tenant (tenant_id, ssn, dob) values (67, '381-30-9735', '26-May-1976');
insert into Tenant (tenant_id, ssn, dob) values (40, '553-51-2968', '17-Dec-1952');
insert into Tenant (tenant_id, ssn, dob) values (12, '296-49-9180', '14-Jun-1959');
insert into Tenant (tenant_id, ssn, dob) values (49, '142-80-2326', '27-Jun-1952');

insert into Pet (tenant_id, pet_name, pet_type) values (43, 'Luna', 'Dog');
insert into Pet (tenant_id, pet_name, pet_type) values (65, 'Max', 'Cat');
insert into Pet (tenant_id, pet_name, pet_type) values (31, 'Bella', 'Rabbit');
insert into Pet (tenant_id, pet_name, pet_type) values (68, 'Charlie', 'Fish');
insert into Pet (tenant_id, pet_name, pet_type) values (74, 'Daisy', 'Bird');
insert into Pet (tenant_id, pet_name, pet_type) values (60, 'Rocky', 'Hamster');
insert into Pet (tenant_id, pet_name, pet_type) values (11, 'Chloe', 'Guinea Pig');
insert into Pet (tenant_id, pet_name, pet_type) values (75, 'Milo', 'Turtle');
insert into Pet (tenant_id, pet_name, pet_type) values (24, 'Lucy', 'Snake');
insert into Pet (tenant_id, pet_name, pet_type) values (77, 'Zoe', 'Hedgehog');
insert into Pet (tenant_id, pet_name, pet_type) values (19, 'Cooper', 'Lizard');
insert into Pet (tenant_id, pet_name, pet_type) values (69, 'Nala', 'Chinchilla');
insert into Pet (tenant_id, pet_name, pet_type) values (55, 'Oliver', 'Gerbil');
insert into Pet (tenant_id, pet_name, pet_type) values (57, 'Willow', 'Rat');


insert into Roommate (tenant_id, first_name, last_name, dob) values (43, 'Tessa', 'Matskevich', '15-May-1989');
insert into Roommate (tenant_id, first_name, last_name, dob) values (69, 'Augustin', 'Meuse', '05-Mar-1990');
insert into Roommate (tenant_id, first_name, last_name, dob) values (2, 'Juanita', 'Leavold', '02-Sep-2006');
insert into Roommate (tenant_id, first_name, last_name, dob) values (31, 'Sig', 'Baysting', '27-Nov-2013');
insert into Roommate (tenant_id, first_name, last_name, dob) values (26, 'Mannie', 'Caswill', '07-Jun-1996');
insert into Roommate (tenant_id, first_name, last_name, dob) values (21, 'Marjy', 'Livard', '12-Jun-1963');
insert into Roommate (tenant_id, first_name, last_name, dob) values (9, 'Mireielle', 'Bendson', '07-Jun-2011');
insert into Roommate (tenant_id, first_name, last_name, dob) values (24, 'Storm', 'Floris', '19-Oct-1966');
insert into Roommate (tenant_id, first_name, last_name, dob) values (77, 'Che', 'Toopin', '28-Sep-1997');
insert into Roommate (tenant_id, first_name, last_name, dob) values (68, 'Lydie', 'Freddi', '14-Mar-1998');
insert into Roommate (tenant_id, first_name, last_name, dob) values (19, 'Stevana', 'Mowett', '03-Dec-1972');
insert into Roommate (tenant_id, first_name, last_name, dob) values (11, 'Leonhard', 'Wylder', '03-Aug-1959');
insert into Roommate (tenant_id, first_name, last_name, dob) values (36, 'Patrice', 'Coaster', '21-May-2011');
insert into Roommate (tenant_id, first_name, last_name, dob) values (60, 'Bret', 'Macellar', '11-Oct-1997');
insert into Roommate (tenant_id, first_name, last_name, dob) values (49, 'Cordy', 'Greenfield', '27-May-1993');
insert into Roommate (tenant_id, first_name, last_name, dob) values (50, 'Erie', 'Gasperi', '13-Feb-1986');
insert into Roommate (tenant_id, first_name, last_name, dob) values (29, 'Melodie', 'Batram', '18-Mar-2000');
insert into Roommate (tenant_id, first_name, last_name, dob) values (44, 'Rhett', 'Giral', '04-Jul-1956');
insert into Roommate (tenant_id, first_name, last_name, dob) values (16, 'Camille', 'Merrien', '12-Dec-1974');
insert into Roommate (tenant_id, first_name, last_name, dob) values (33, 'Myrilla', 'Sheldrick', '28-Dec-2003');
insert into Roommate (tenant_id, first_name, last_name, dob) values (64, 'Jennica', 'Nodin', '02-Nov-2002');
insert into Roommate (tenant_id, first_name, last_name, dob) values (22, 'Creigh', 'Mapis', '11-Apr-2000');
insert into Roommate (tenant_id, first_name, last_name, dob) values (75, 'Melva', 'De Antoni', '15-Jul-1967');
insert into Roommate (tenant_id, first_name, last_name, dob) values (43, 'Sher', 'Baume', '07-Aug-1982');
insert into Roommate (tenant_id, first_name, last_name, dob) values (9, 'Nicki', 'Laverick', '31-May-1990');
insert into Roommate (tenant_id, first_name, last_name, dob) values (77, 'Rosemaria', 'Hartwright', '19-May-1965');


INSERT INTO Lease (start_date, end_date, apart_id, tenant_id) VALUES ('19-Feb-2023', '19-Feb-2024', 1, 72); 
INSERT INTO Lease (start_date, end_date, apart_id, tenant_id) VALUES ('18-Mar-2023', '18-Mar-2024', 2, 23);
INSERT INTO Lease (start_date, end_date, apart_id, tenant_id) VALUES ('16-Sep-2023', '16-Sep-2024', 4, 55);
INSERT INTO Lease (start_date, end_date, apart_id, tenant_id) VALUES ('08-Aug-2023', '08-Aug-2024', 5, 11);
INSERT INTO Lease (start_date, end_date, apart_id, tenant_id) VALUES ('20-Aug-2023', '20-Aug-2024', 6, 50);
INSERT INTO Lease (start_date, end_date, apart_id, tenant_id) VALUES ('26-Apr-2023', '26-Apr-2024', 8, 74);
INSERT INTO Lease (start_date, end_date, apart_id, tenant_id) VALUES ('16-Sep-2023', '16-Sep-2024', 11, 3);
INSERT INTO Lease (start_date, end_date, apart_id, tenant_id) VALUES ('15-Sep-2023', '15-Sep-2024', 12, 65);
INSERT INTO Lease (start_date, end_date, apart_id, tenant_id) VALUES ('13-Apr-2023', '13-Apr-2024', 13, 36);
INSERT INTO Lease (start_date, end_date, apart_id, tenant_id) VALUES ('27-Jul-2023', '27-Jul-2024', 15, 61);
INSERT INTO Lease (start_date, end_date, apart_id, tenant_id) VALUES ('07-Sep-2023', '07-Sep-2024', 16, 13);
INSERT INTO Lease (start_date, end_date, apart_id, tenant_id) VALUES ('17-Jan-2023', '17-Jan-2024', 17, 42);
INSERT INTO Lease (start_date, end_date, apart_id, tenant_id) VALUES ('05-Jul-2023', '05-Jul-2024', 18, 75);
INSERT INTO Lease (start_date, end_date, apart_id, tenant_id) VALUES ('12-May-2023', '12-May-2024', 20, 10);
INSERT INTO Lease (start_date, end_date, apart_id, tenant_id) VALUES ('06-Sep-2023', '06-Sep-2024', 21, 29);
INSERT INTO Lease (start_date, end_date, apart_id, tenant_id) VALUES ('25-Aug-2023', '25-Aug-2024', 22, 46);
INSERT INTO Lease (start_date, end_date, apart_id, tenant_id) VALUES ('09-Mar-2023', '09-Mar-2024', 23, 2);
INSERT INTO Lease (start_date, end_date, apart_id, tenant_id) VALUES ('30-Jan-2023', '30-Jan-2024', 24, 69);
INSERT INTO Lease (start_date, end_date, apart_id, tenant_id) VALUES ('26-Jan-2023', '26-Jan-2024', 25, 16);
INSERT INTO Lease (start_date, end_date, apart_id, tenant_id) VALUES ('12-Aug-2023', '12-Aug-2024', 26, 57);
INSERT INTO Lease (start_date, end_date, apart_id, tenant_id) VALUES ('10-Jun-2023', '10-Jun-2024', 29, 39);
INSERT INTO Lease (start_date, end_date, apart_id, tenant_id) VALUES ('19-May-2023', '19-May-2024', 30, 21);
INSERT INTO Lease (start_date, end_date, apart_id, tenant_id) VALUES ('18-Aug-2023', '18-Aug-2024', 31, 63);
INSERT INTO Lease (start_date, end_date, apart_id, tenant_id) VALUES ('25-Jun-2023', '25-Jun-2024', 32, 4);
INSERT INTO Lease (start_date, end_date, apart_id, tenant_id) VALUES ('03-Jan-2023', '03-Jan-2024', 34, 78);
INSERT INTO Lease (start_date, end_date, apart_id, tenant_id) VALUES ('14-Aug-2023', '14-Aug-2024', 35, 26);
INSERT INTO Lease (start_date, end_date, apart_id, tenant_id) VALUES ('01-Mar-2023', '01-Mar-2024', 36, 54);
INSERT INTO Lease (start_date, end_date, apart_id, tenant_id) VALUES ('29-Sep-2023', '29-Sep-2024', 38, 9);
INSERT INTO Lease (start_date, end_date, apart_id, tenant_id) VALUES ('13-Jul-2023', '13-Jul-2024', 39, 48);
INSERT INTO Lease (start_date, end_date, apart_id, tenant_id) VALUES ('10-Jun-2023', '10-Jun-2024', 40, 71);
INSERT INTO Lease (start_date, end_date, apart_id, tenant_id) VALUES ('23-Jun-2023', '23-Jun-2024', 42, 5);
INSERT INTO Lease (start_date, end_date, apart_id, tenant_id) VALUES ('07-Aug-2023', '07-Aug-2024', 43, 18);
INSERT INTO Lease (start_date, end_date, apart_id, tenant_id) VALUES ('16-Aug-2023', '16-Aug-2024', 44, 60);
INSERT INTO Lease (start_date, end_date, apart_id, tenant_id) VALUES ('16-Feb-2023', '16-Feb-2024', 45, 33);
INSERT INTO Lease (start_date, end_date, apart_id, tenant_id) VALUES ('23-Sep-2023', '23-Sep-2024', 47, 76);
INSERT INTO Lease (start_date, end_date, apart_id, tenant_id) VALUES ('03-Feb-2023', '03-Feb-2024', 48, 24);
INSERT INTO Lease (start_date, end_date, apart_id, tenant_id) VALUES ('06-Apr-2023', '06-Apr-2024', 49, 53);


insert into Lease (start_date, end_date, apart_id, tenant_id) values ('23-Oct-2023', '23-Oct-2024', 51, 17);
insert into Lease (start_date, end_date, apart_id, tenant_id) values ('09-Nov-2023', '09-Nov-2024', 53, 44);
insert into Lease (start_date, end_date, apart_id, tenant_id) values ('10-Oct-2023', '10-Oct-2024', 54, 64);
insert into Lease (start_date, end_date, apart_id, tenant_id) values ('10-Nov-2023', '10-Nov-2024', 56, 22);
insert into Lease (start_date, end_date, apart_id, tenant_id) values ('14-Nov-2023', '14-Nov-2024', 57, 67);
insert into Lease (start_date, end_date, apart_id, tenant_id) values ('08-Oct-2023', '08-Oct-2024', 58, 40);
insert into Lease (start_date, end_date, apart_id, tenant_id) values ('07-Nov-2023', '07-Nov-2024', 59, 12);
insert into Lease (start_date, end_date, apart_id, tenant_id) values ('14-Oct-2023', '14-Oct-2024', 60, 49);


insert into Lease (start_date, end_date, apart_id, tenant_id, move_out_date, refund_amount) values ('26-Jul-2022', '26-Jul-2023', 3, 27, '25-Jul-2023', 1200.00);
insert into Lease (start_date, end_date, apart_id, tenant_id, move_out_date, refund_amount) values ('18-Aug-2022', '18-Aug-2023', 41, 14, '17-Aug-2023', 1800.00);
insert into Lease (start_date, end_date, apart_id, tenant_id, move_out_date, refund_amount) values ('03-Aug-2022', '03-Aug-2023', 19, 43, '02-Aug-2023', 1700.00);
insert into Lease (start_date, end_date, apart_id, tenant_id, move_out_date, refund_amount) values ('28-Aug-2022', '28-Aug-2023', 55, 68, '27-Aug-2023', 2000.00);
insert into Lease (start_date, end_date, apart_id, tenant_id, move_out_date, refund_amount) values ('19-Jul-2022', '19-Jul-2023', 10, 19, '18-Jul-2023', 1400.00);
insert into Lease (start_date, end_date, apart_id, tenant_id, move_out_date, refund_amount) values ('19-Aug-2022', '19-Aug-2023', 33, 59, '18-Aug-2023', 0.00);
insert into Lease (start_date, end_date, apart_id, tenant_id, move_out_date, refund_amount) values ('11-Aug-2022', '11-Aug-2023', 46, 7, '10-Aug-2023', 1700.00);
insert into Lease (start_date, end_date, apart_id, tenant_id, move_out_date, refund_amount) values ('17-Aug-2022', '17-Aug-2023', 27, 35, '16-Aug-2023', 1300.00);
insert into Lease (start_date, end_date, apart_id, tenant_id, move_out_date, refund_amount) values ('30-Jul-2022', '30-Jul-2023', 7, 77, '29-Jul-2023', 0.00);
insert into Lease (start_date, end_date, apart_id, tenant_id, move_out_date, refund_amount) values ('11-Jul-2022', '11-Jul-2023', 50, 31, '10-Jul-2023', 1600.0);


insert into Prop_Amenity_In_Lease (lease_id, amen_id) values (16, 23);
insert into Prop_Amenity_In_Lease (lease_id, amen_id) values (16, 24);
insert into Prop_Amenity_In_Lease (lease_id, amen_id) values (16, 25);

insert into Prop_Amenity_In_Lease (lease_id, amen_id) values (1, 20);
insert into Prop_Amenity_In_Lease (lease_id, amen_id) values (2, 21);
insert into Prop_Amenity_In_Lease (lease_id, amen_id) values (3, 22);

insert into Prop_Amenity_In_Lease (lease_id, amen_id) values (9, 23);
insert into Prop_Amenity_In_Lease (lease_id, amen_id) values (10, 24);
insert into Prop_Amenity_In_Lease (lease_id, amen_id) values (11, 25);

insert into Prop_Amenity_In_Lease (lease_id, amen_id) values (19, 26);
insert into Prop_Amenity_In_Lease (lease_id, amen_id) values (20, 27);
insert into Prop_Amenity_In_Lease (lease_id, amen_id) values (21, 28);

insert into Prop_Amenity_In_Lease (lease_id, amen_id) values (28, 29);
insert into Prop_Amenity_In_Lease (lease_id, amen_id) values (29, 30);
insert into Prop_Amenity_In_Lease (lease_id, amen_id) values (30, 31);

insert into Prop_Amenity_In_Lease (lease_id, amen_id) values (37, 32);
insert into Prop_Amenity_In_Lease (lease_id, amen_id) values (38, 33);
insert into Prop_Amenity_In_Lease (lease_id, amen_id) values (39, 34);
insert into Prop_Amenity_In_Lease (lease_id, amen_id) values (40, 35);


insert into Visits (visitor_id, apart_id, visit_date) values (17, 51, '07-Sep-2023');
insert into Visits (visitor_id, apart_id, visit_date) values (44, 53, '03-Sep-2023');
insert into Visits (visitor_id, apart_id, visit_date) values (64, 54, '05-Sep-2023');
insert into Visits (visitor_id, apart_id, visit_date) values (22, 56, '07-Sep-2023');
insert into Visits (visitor_id, apart_id, visit_date) values (67, 57, '01-Sep-2023');
insert into Visits (visitor_id, apart_id, visit_date) values (40, 58, '05-Sep-2023');
insert into Visits (visitor_id, apart_id, visit_date) values (12, 59, '03-Sep-2023');
insert into Visits (visitor_id, apart_id, visit_date) values (49, 60, '07-Sep-2023');

insert into Visits (visitor_id, apart_id, visit_date) values (1, 27, '21-Sep-2023');
insert into Visits (visitor_id, apart_id, visit_date) values (6, 41, '07-Sep-2023');
insert into Visits (visitor_id, apart_id, visit_date) values (8, 41, '13-Oct-2023');
insert into Visits (visitor_id, apart_id, visit_date) values (15, 10, '28-Sep-2023');
insert into Visits (visitor_id, apart_id, visit_date) values (20, 46, '23-Sep-2023');
insert into Visits (visitor_id, apart_id, visit_date) values (25, 55, '21-Sep-2023');
insert into Visits (visitor_id, apart_id, visit_date) values (28, 10, '05-Sep-2023');
insert into Visits (visitor_id, apart_id, visit_date) values (30, 10, '10-Oct-2023');
insert into Visits (visitor_id, apart_id, visit_date) values (32, 41, '23-Sep-2023');
insert into Visits (visitor_id, apart_id, visit_date) values (34, 55, '03-Oct-2023');
insert into Visits (visitor_id, apart_id, visit_date) values (37, 50, '05-Oct-2023');
insert into Visits (visitor_id, apart_id, visit_date) values (38, 27, '03-Oct-2023');
insert into Visits (visitor_id, apart_id, visit_date) values (41, 46, '10-Oct-2023');
insert into Visits (visitor_id, apart_id, visit_date) values (45, 7, '21-Oct-2023');
insert into Visits (visitor_id, apart_id, visit_date) values (47, 41, '16-Oct-2023');
insert into Visits (visitor_id, apart_id, visit_date) values (51, 50, '13-Sep-2023');
insert into Visits (visitor_id, apart_id, visit_date) values (52, 27, '09-Sep-2023');
insert into Visits (visitor_id, apart_id, visit_date) values (56, 19, '07-Oct-2023');
insert into Visits (visitor_id, apart_id, visit_date) values (58, 33, '12-Sep-2023');
insert into Visits (visitor_id, apart_id, visit_date) values (62, 55, '23-Sep-2023');
insert into Visits (visitor_id, apart_id, visit_date) values (66, 41, '13-Oct-2023');
insert into Visits (visitor_id, apart_id, visit_date) values (70, 41, '19-Sep-2023');
insert into Visits (visitor_id, apart_id, visit_date) values (73, 7, '15-Sep-2023');
insert into Visits (visitor_id, apart_id, visit_date) values (79, 27, '02-Oct-2023');
insert into Visits (visitor_id, apart_id, visit_date) values (1, 41, '21-Sep-2023');
insert into Visits (visitor_id, apart_id, visit_date) values (6, 19, '21-Oct-2023');
insert into Visits (visitor_id, apart_id, visit_date) values (8, 33, '24-Sep-2023');
insert into Visits (visitor_id, apart_id, visit_date) values (15, 3, '08-Oct-2023');

insert into Payment (lease_id, payment_date, amount) values (1, '19-OCT-23', 1230);
insert into Payment (lease_id, payment_date, amount) values (2, '18-OCT-23', 1680);
insert into Payment (lease_id, payment_date, amount) values (3, '16-OCT-23', 1200);
insert into Payment (lease_id, payment_date, amount) values (4, '08-OCT-23', 1500);
insert into Payment (lease_id, payment_date, amount) values (5, '20-OCT-23', 1100);
insert into Payment (lease_id, payment_date, amount) values (6, '26-OCT-23', 900);
insert into Payment (lease_id, payment_date, amount) values (7, '16-OCT-23', 1300);
insert into Payment (lease_id, payment_date, amount) values (8, '15-OCT-23', 1500);
insert into Payment (lease_id, payment_date, amount) values (9, '13-OCT-23', 900);
insert into Payment (lease_id, payment_date, amount) values (10, '27-OCT-23', 1020);
insert into Payment (lease_id, payment_date, amount) values (11, '07-OCT-23', 1315);
insert into Payment (lease_id, payment_date, amount) values (12, '17-OCT-23', 1600);
insert into Payment (lease_id, payment_date, amount) values (13, '05-OCT-23', 1200);
insert into Payment (lease_id, payment_date, amount) values (14, '12-OCT-23', 1000);
insert into Payment (lease_id, payment_date, amount) values (15, '06-OCT-23', 1800);
insert into Payment (lease_id, payment_date, amount) values (16, '22-OCT-23', 1335);
insert into Payment (lease_id, payment_date, amount) values (17, '09-OCT-23', 1400);
insert into Payment (lease_id, payment_date, amount) values (18, '30-OCT-23', 1600);
insert into Payment (lease_id, payment_date, amount) values (19, '26-OCT-23', 1300);
insert into Payment (lease_id, payment_date, amount) values (20, '12-OCT-23', 1500);
insert into Payment (lease_id, payment_date, amount) values (21, '10-OCT-23', 1610);
insert into Payment (lease_id, payment_date, amount) values (22, '19-OCT-23', 1200);
insert into Payment (lease_id, payment_date, amount) values (23, '18-OCT-23', 1400);
insert into Payment (lease_id, payment_date, amount) values (24, '25-OCT-23', 1100);
insert into Payment (lease_id, payment_date, amount) values (25, '03-OCT-23', 1200);
insert into Payment (lease_id, payment_date, amount) values (26, '14-OCT-23', 1300);
insert into Payment (lease_id, payment_date, amount) values (27, '01-OCT-23', 1500);
insert into Payment (lease_id, payment_date, amount) values (28, '29-OCT-23', 1315);
insert into Payment (lease_id, payment_date, amount) values (29, '13-OCT-23', 1510);
insert into Payment (lease_id, payment_date, amount) values (30, '10-OCT-23', 1040);
insert into Payment (lease_id, payment_date, amount) values (31, '23-OCT-23', 1050);
insert into Payment (lease_id, payment_date, amount) values (32, '07-OCT-23', 1200);
insert into Payment (lease_id, payment_date, amount) values (33, '16-OCT-23', 1400);
insert into Payment (lease_id, payment_date, amount) values (34, '16-OCT-23', 1000);
insert into Payment (lease_id, payment_date, amount) values (35, '23-OCT-23', 1050);
insert into Payment (lease_id, payment_date, amount) values (36, '03-OCT-23', 1250);
insert into Payment (lease_id, payment_date, amount) values (37, '06-OCT-23', 1600);

insert into Payment (lease_id, payment_date, amount) values (38, '23-OCT-23', 1700); --51
insert into Payment (lease_id, payment_date, amount) values (39, '09-NOV-23', 1300); --53
insert into Payment (lease_id, payment_date, amount) values (40, '10-OCT-23', 1400);--54
insert into Payment (lease_id, payment_date, amount) values (41, '10-NOV-23', 1100);--56
insert into Payment (lease_id, payment_date, amount) values (42, '14-NOV-23', 1400);--57
insert into Payment (lease_id, payment_date, amount) values (43, '08-OCT-23', 1300);--58
insert into Payment (lease_id, payment_date, amount) values (44, '07-NOV-23', 1100);--59
insert into Payment (lease_id, payment_date, amount) values (45, '14-OCT-23', 1200);--60

insert into Payment (lease_id, payment_date, amount) values (1, '19-NOV-23', 1230);
insert into Payment (lease_id, payment_date, amount) values (2, '18-NOV-23', 1680);
insert into Payment (lease_id, payment_date, amount) values (3, '16-NOV-23', 1200);
insert into Payment (lease_id, payment_date, amount) values (4, '08-NOV-23', 1500);
insert into Payment (lease_id, payment_date, amount) values (5, '20-NOV-23', 1100);
insert into Payment (lease_id, payment_date, amount) values (6, '26-NOV-23', 900);
insert into Payment (lease_id, payment_date, amount) values (7, '16-NOV-23', 1300);
insert into Payment (lease_id, payment_date, amount) values (8, '15-NOV-23', 1500);
insert into Payment (lease_id, payment_date, amount) values (9, '13-NOV-23', 900);
insert into Payment (lease_id, payment_date, amount) values (10, '27-NOV-23', 1020);
insert into Payment (lease_id, payment_date, amount) values (11, '07-NOV-23', 1315);
insert into Payment (lease_id, payment_date, amount) values (12, '17-NOV-23', 1600);
insert into Payment (lease_id, payment_date, amount) values (13, '05-NOV-23', 1200);
insert into Payment (lease_id, payment_date, amount) values (14, '12-NOV-23', 1000);
insert into Payment (lease_id, payment_date, amount) values (15, '06-NOV-23', 1800);
insert into Payment (lease_id, payment_date, amount) values (16, '22-NOV-23', 1335);
insert into Payment (lease_id, payment_date, amount) values (17, '09-NOV-23', 1400);
insert into Payment (lease_id, payment_date, amount) values (18, '30-NOV-23', 1600);
insert into Payment (lease_id, payment_date, amount) values (19, '26-NOV-23', 1300);
insert into Payment (lease_id, payment_date, amount) values (20, '12-NOV-23', 1500);
insert into Payment (lease_id, payment_date, amount) values (21, '10-NOV-23', 1610);
insert into Payment (lease_id, payment_date, amount) values (22, '19-NOV-23', 1200);
insert into Payment (lease_id, payment_date, amount) values (23, '18-NOV-23', 1400);
insert into Payment (lease_id, payment_date, amount) values (24, '25-NOV-23', 1100);
insert into Payment (lease_id, payment_date, amount) values (25, '03-NOV-23', 1200);
insert into Payment (lease_id, payment_date, amount) values (26, '14-NOV-23', 1300);
insert into Payment (lease_id, payment_date, amount) values (27, '01-NOV-23', 1500);
insert into Payment (lease_id, payment_date, amount) values (28, '29-NOV-23', 1315);
insert into Payment (lease_id, payment_date, amount) values (29, '13-NOV-23', 1510);
insert into Payment (lease_id, payment_date, amount) values (30, '10-NOV-23', 1040);
insert into Payment (lease_id, payment_date, amount) values (31, '23-NOV-23', 1050);
insert into Payment (lease_id, payment_date, amount) values (32, '07-NOV-23', 1200);
insert into Payment (lease_id, payment_date, amount) values (33, '16-NOV-23', 1400);
insert into Payment (lease_id, payment_date, amount) values (34, '16-NOV-23', 1000);
insert into Payment (lease_id, payment_date, amount) values (35, '23-NOV-23', 1050);
insert into Payment (lease_id, payment_date, amount) values (36, '03-NOV-23', 1250);
insert into Payment (lease_id, payment_date, amount) values (37, '06-NOV-23', 1600);

insert into Payment (lease_id, payment_date, amount) values (38, '23-NOV-23', 1420);
insert into Payment (lease_id, payment_date, amount) values (40, '10-NOV-23', 1220);
insert into Payment (lease_id, payment_date, amount) values (43, '08-NOV-23', 1300);
insert into Payment (lease_id, payment_date, amount) values (45, '14-NOV-23', 1200);

insert into CreditPayment (payment_id, card_number, card_expiry_date, cardholder_name) values (37, 4532891076543210, '16-Oct-2026', 'Abramo	Castagnone');
insert into CreditPayment (payment_id, card_number, card_expiry_date, cardholder_name) values (82, 4532891076543210, '16-Oct-2026', 'Abramo	Castagnone');
insert into CreditPayment (payment_id, card_number, card_expiry_date, cardholder_name) values (63, 5221345678901234, '27-Nov-2027', 'Annabal Boustead');
insert into CreditPayment (payment_id, card_number, card_expiry_date, cardholder_name) values (18, 5221345678901234, '27-Nov-2027', 'Annabal Boustead');
insert into CreditPayment (payment_id, card_number, card_expiry_date, cardholder_name) values (33, 3710456789012345, '14-Jan-2028', 'Bird Cowdery');
insert into CreditPayment (payment_id, card_number, card_expiry_date, cardholder_name) values (78, 3710456789012345, '14-Jan-2028', 'Bird Cowdery');
insert into CreditPayment (payment_id, card_number, card_expiry_date, cardholder_name) values (67, 6011987654321098, '03-Mar-2026', 'Bryanty Lorentz');
insert into CreditPayment (payment_id, card_number, card_expiry_date, cardholder_name) values (22, 6011987654321098, '03-Mar-2026', 'Bryanty Lorentz');
insert into CreditPayment (payment_id, card_number, card_expiry_date, cardholder_name) values (35, 4912765432109876, '22-Apr-2028', 'Buiron Edscer');
insert into CreditPayment (payment_id, card_number, card_expiry_date, cardholder_name) values (80, 4912765432109876, '22-Apr-2028', 'Buiron Edscer');
insert into CreditPayment (payment_id, card_number, card_expiry_date, cardholder_name) values (6, 3567890123456789, '09-Jun-2027', 'Chery Cappell');
insert into CreditPayment (payment_id, card_number, card_expiry_date, cardholder_name) values (51, 3567890123456789, '09-Jun-2027', 'Chery Cappell');
insert into CreditPayment (payment_id, card_number, card_expiry_date, cardholder_name) values (66, 4021567890123456, '18-Jul-2026', 'Cordi Croxley');
insert into CreditPayment (payment_id, card_number, card_expiry_date, cardholder_name) values (21, 4021567890123456, '18-Jul-2026', 'Cordi Croxley');
insert into CreditPayment (payment_id, card_number, card_expiry_date, cardholder_name) values (81, 5463908276543210, '29-Aug-2028', 'Cosetta Waddup');
insert into CreditPayment (payment_id, card_number, card_expiry_date, cardholder_name) values (36, 5463908276543210, '29-Aug-2028', 'Cosetta Waddup');
insert into CreditPayment (payment_id, card_number, card_expiry_date, cardholder_name) values (46, 3789098765432109, '07-Oct-2026', 'Dene Haddinton');
insert into CreditPayment (payment_id, card_number, card_expiry_date, cardholder_name) values (1, 3789098765432109, '07-Oct-2026', 'Dene Haddinton');
insert into CreditPayment (payment_id, card_number, card_expiry_date, cardholder_name) values (40, 6221345678901234, '16-Nov-2027', 'Dmitri McGrath');
insert into CreditPayment (payment_id, card_number, card_expiry_date, cardholder_name) values (84, 6221345678901234, '16-Nov-2027', 'Dmitri McGrath');
insert into CreditPayment (payment_id, card_number, card_expiry_date, cardholder_name) values (52, 5543789012345678, '03-Jan-2026', 'Elijah Durban');
insert into CreditPayment (payment_id, card_number, card_expiry_date, cardholder_name) values (7, 5543789012345678, '03-Jan-2026', 'Elijah Durban');
insert into CreditPayment (payment_id, card_number, card_expiry_date, cardholder_name) values (47, 4856123456789012, '21-Feb-2028', 'Em Ridewood');
insert into CreditPayment (payment_id, card_number, card_expiry_date, cardholder_name) values (34, 4856123456789012, '21-Feb-2028', 'Em Slay');
insert into CreditPayment (payment_id, card_number, card_expiry_date, cardholder_name) values (2, 6334987654321098, '10-Apr-2027', 'Em Ridewood');
insert into CreditPayment (payment_id, card_number, card_expiry_date, cardholder_name) values (79, 6334987654321098, '10-Apr-2027', 'Em Slay');
insert into CreditPayment (payment_id, card_number, card_expiry_date, cardholder_name) values (27, 5123345678901234, '19-May-2026', 'Emlyn Anetts');
insert into CreditPayment (payment_id, card_number, card_expiry_date, cardholder_name) values (72, 5123345678901234, '19-May-2026', 'Emlyn Anetts');
insert into CreditPayment (payment_id, card_number, card_expiry_date, cardholder_name) values (31, 3987654321098765, '28-Jun-2028', 'Erv Danson');
insert into CreditPayment (payment_id, card_number, card_expiry_date, cardholder_name) values (76, 3987654321098765, '28-Jun-2028', 'Erv Danson');
insert into CreditPayment (payment_id, card_number, card_expiry_date, cardholder_name) values (70, 4512098765432109, '06-Aug-2027', 'Fleurette Pellett');
insert into CreditPayment (payment_id, card_number, card_expiry_date, cardholder_name) values (25, 4512098765432109, '06-Aug-2027', 'Fleurette Pellett');
insert into CreditPayment (payment_id, card_number, card_expiry_date, cardholder_name) values (83, 5678901234567890, '15-Sep-2026', 'Francesca Spellacy');
insert into CreditPayment (payment_id, card_number, card_expiry_date, cardholder_name) values (38, 5678901234567890, '15-Sep-2026', 'Francesca Spellacy');

insert into DebitPayment (payment_id, card_number, debit_expiry_date, cardholder_name) values (71, 5914820678132950, '20-Sep-2027', 'Gladi Kenningley');
insert into DebitPayment (payment_id, card_number, debit_expiry_date, cardholder_name) values (26, 5914820678132950, '20-Sep-2027', 'Gladi Kenningley');
insert into DebitPayment (payment_id, card_number, debit_expiry_date, cardholder_name) values (32, 6754902187364052, '12-Nov-2028', 'Goldy Hayley');
insert into DebitPayment (payment_id, card_number, debit_expiry_date, cardholder_name) values (77, 6754902187364052, '12-Nov-2028', 'Goldy Hayley');
insert into DebitPayment (payment_id, card_number, debit_expiry_date, cardholder_name) values (53, 8432091765029614, '05-Jun-2026', 'Gordan Scamadine');
insert into DebitPayment (payment_id, card_number, debit_expiry_date, cardholder_name) values (8, 8432091765029614, '05-Jun-2026', 'Gordan Scamadine');
insert into DebitPayment (payment_id, card_number, debit_expiry_date, cardholder_name) values (64, 3698147250834726, '18-Jul-2027', 'Hal Summerrell');
insert into DebitPayment (payment_id, card_number, debit_expiry_date, cardholder_name) values (19, 3698147250834726, '18-Jul-2027', 'Hal Summerrell');
insert into DebitPayment (payment_id, card_number, debit_expiry_date, cardholder_name) values (45, 5021783946820159, '29-Mar-2026', 'Hermie Vispo');
insert into DebitPayment (payment_id, card_number, debit_expiry_date, cardholder_name) values (86, 5021783946820159, '29-Mar-2026', 'Hermie Vispo');
insert into DebitPayment (payment_id, card_number, debit_expiry_date, cardholder_name) values (62, 1245896372503968, '14-Oct-2028', 'Jefferey Colombier');
insert into DebitPayment (payment_id, card_number, debit_expiry_date, cardholder_name) values (17, 1245896372503968, '14-Oct-2028', 'Jefferey Colombier');
insert into DebitPayment (payment_id, card_number, debit_expiry_date, cardholder_name) values (59, 7582039614728305, '07-Dec-2026', 'Jere Paulo');
insert into DebitPayment (payment_id, card_number, debit_expiry_date, cardholder_name) values (14, 7582039614728305, '07-Dec-2026', 'Jere Paulo');
insert into DebitPayment (payment_id, card_number, debit_expiry_date, cardholder_name) values (28, 9361052478091832, '25-Aug-2026', 'Joane Edney');
insert into DebitPayment (payment_id, card_number, debit_expiry_date, cardholder_name) values (73, 9361052478091832, '25-Aug-2026', 'Joane Edney');
insert into DebitPayment (payment_id, card_number, debit_expiry_date, cardholder_name) values (50, 4087256391725046, '09-Apr-2027', 'Jocelyn Sextone');
insert into DebitPayment (payment_id, card_number, debit_expiry_date, cardholder_name) values (5, 4087256391725046, '09-Apr-2027', 'Jocelyn Sextone');
insert into DebitPayment (payment_id, card_number, debit_expiry_date, cardholder_name) values (3, 2156349078369140, '02-Feb-2027', 'Karilynn St. Queintain');
insert into DebitPayment (payment_id, card_number, debit_expiry_date, cardholder_name) values (48, 2156349078369140, '02-Feb-2027', 'Karilynn St. Queintain');
insert into DebitPayment (payment_id, card_number, debit_expiry_date, cardholder_name) values (61, 6912475038152067, '30-Nov-2026', 'Kipper Percy');
insert into DebitPayment (payment_id, card_number, debit_expiry_date, cardholder_name) values (16, 6912475038152067, '30-Nov-2026', 'Kipper Percy');
insert into DebitPayment (payment_id, card_number, debit_expiry_date, cardholder_name) values (60, 5276049136820945, '23-Jan-2026', 'Melita Makeswell');
insert into DebitPayment (payment_id, card_number, debit_expiry_date, cardholder_name) values (15, 5276049136820945, '23-Jan-2026', 'Melita Makeswell');
insert into DebitPayment (payment_id, card_number, debit_expiry_date, cardholder_name) values (65, 1405276932847659, '16-Sep-2026', 'Murdock Kendal');
insert into DebitPayment (payment_id, card_number, debit_expiry_date, cardholder_name) values (20, 1405276932847659, '16-Sep-2026', 'Murdock Kendal');
insert into DebitPayment (payment_id, card_number, debit_expiry_date, cardholder_name) values (10, 8069723514902376, '11-May-2028', 'Nicholas Tschirschky');
insert into DebitPayment (payment_id, card_number, debit_expiry_date, cardholder_name) values (55, 8069723514902376, '11-May-2028', 'Nicholas Tschirschky');
insert into DebitPayment (payment_id, card_number, debit_expiry_date, cardholder_name) values (12, 3958271640285713, '28-Apr-2027', 'Nicole Filipson');
insert into DebitPayment (payment_id, card_number, debit_expiry_date, cardholder_name) values (57, 3958271640285713, '28-Apr-2027', 'Nicole Filipson');
insert into DebitPayment (payment_id, card_number, debit_expiry_date, cardholder_name) values (56, 2840591763014875, '03-Jul-2026', 'Oberon Francescotti');
insert into DebitPayment (payment_id, card_number, debit_expiry_date, cardholder_name) values (11, 2840591763014875, '03-Jul-2026', 'Oberon Francescotti');



insert into DebitPayment (payment_id, card_number, debit_expiry_date, cardholder_name) values (41, 5632981076543210, '16-Oct-2027', 'Dewie Oki');
insert into DebitPayment (payment_id, card_number, debit_expiry_date, cardholder_name) values (42, 8721345678901234, '28-Nov-2026', 'Jeremie Tavinor');
insert into DebitPayment (payment_id, card_number, debit_expiry_date, cardholder_name) values (39, 9456789012345678, '14-Dec-2028', 'Lelah Grubey');
insert into DebitPayment (payment_id, card_number, debit_expiry_date, cardholder_name) values (44, 3214567890123456, '05-Sep-2027', 'Saunders McCalum');


insert into CryptoPayment (payment_id, wallet_address) values (9, 'bc1qar0srrr7xfkvy5l643lydnw9re59gtzzwf5mdq');
insert into CryptoPayment (payment_id, wallet_address) values (54, '0x742d35Cc6634C0532925a3b844Bc454e4438f44e');
insert into CryptoPayment (payment_id, wallet_address) values (74, 'LW5YQpDoZfBJELmy2ofUdrXBmg1TAMpGfx');
insert into CryptoPayment (payment_id, wallet_address) values (29, 'rN7bS8qtrqwDZSjfgVuLQ6STP1S3SVu1L3');
insert into CryptoPayment (payment_id, wallet_address) values (43, '0x32Be343B94f860124dC4fEe278FDCBD38C102D88');
insert into CryptoPayment (payment_id, wallet_address) values (85, '1KFHE7w8BhaENAswwryaoccDb6qcT6DbYY');
insert into CryptoPayment (payment_id, wallet_address) values (23, 'LQaExmuhGgCQgkuuS3cVEAJo6D6eE65osm');
insert into CryptoPayment (payment_id, wallet_address) values (68, 'bc1qar0srrr7xfkvy5l643lydnw9re59gtzzwf5mdq');
insert into CryptoPayment (payment_id, wallet_address) values (49, '0x742d35Cc6634C0532925a3b844Bc454e4438f44e');
insert into CryptoPayment (payment_id, wallet_address) values (4, 'LW5YQpDoZfBJELmy2ofUdrXBmg1TAMpGfx');
insert into CryptoPayment (payment_id, wallet_address) values (13, 'rN7bS8qtrqwDZSjfgVuLQ6STP1S3SVu1L3');
insert into CryptoPayment (payment_id, wallet_address) values (58, '0x32Be343B94f860124dC4fEe278FDCBD38C102D88');
insert into CryptoPayment (payment_id, wallet_address) values (69, '1KFHE7w8BhaENAswwryaoccDb6qcT6DbYY');
insert into CryptoPayment (payment_id, wallet_address) values (24, 'LQaExmuhGgCQgkuuS3cVEAJo6D6eE65osm');
insert into CryptoPayment (payment_id, wallet_address) values (30, 'bc1qar0srrr7xfkvy5l643lydnw9re59gtzzwf5mdq');
insert into CryptoPayment (payment_id, wallet_address) values (75, '0x742d35Cc6634C0532925a3b844Bc454e4438f44e');
